cliente_id,nombre,edad,provincia,ingresos_mensuales
1,Clara Arias,58,CABA,263372
2,Mateo Valentin Fernandez Duarte,32,Córdoba,210041
3,Sr(a). Maia Carrizo,65,CABA,124956
4,Bautista Thiago Garcia,23,Chaco,50000
5,Lucia Isabella Alvarez,45,Buenos Aires,255214
6,Luisina Gutierrez,50,Chaco,210460
7,Ignacio Agustina Vega Vazquez,19,Neuquén,236620
8,Dr(a). Benjamin Martinez,52,Salta,309966
9,Isabella Diaz Cardozo,32,Entre Ríos,76650
10,Mateo Joaquin Ramos,18,Córdoba,122516
11,Gonzalo Lopez,62,Salta,175018
12,Lautaro Benjamin Flores,66,Tucumán,239229
13,Victoria Moyano,24,CABA,145026
14,Julia Thiago Nicolas Sanchez Lopez,40,Chaco,251671
15,Violeta Alejo Martinez,34,Buenos Aires,187405
16,Martin Acuña Escobar,42,CABA,101631
17,Luciana Franco,53,Mendoza,253141
18,Matias Cabrera Guzman,73,Tucumán,102474
19,Dr(a). Bianca Velazquez,54,Santa Fe,193100
20,Francisco Mateo Martinez Flores,32,Mendoza,176488
21,Francesco Lucía  Flores,23,Santa Fe,252286
22,Micaela Mateo Fernandez,47,Tucumán,141796
23,Luca Benjamin Romero Rodriguez,28,Tucumán,126810
24,Sr(a). Mateo Garcia,62,CABA,294026
25,Mateo Agustin Jazmin Nuñez,56,Córdoba,141423
26,Luna Sofia Sosa,47,Salta,187239
27,Luna Isabella Gonzalez Correa,35,Neuquén,213441
28,Dr(a). Sofia Ramos,67,Buenos Aires,269546
29,Sr(a). Zoe Aguero,32,Buenos Aires,227465
30,Thiago Lionel Helena Martin,22,Santa Fe,123782
31,Lisandro Lopez Morales,54,Tucumán,221892
32,Santino Nicolas Sara Pereyra,74,Entre Ríos,291506
33,Ana Paula Barrios Ponce,27,Mendoza,284537
34,Sr(a). Mia Valentina Medina,52,Mendoza,301706
35,Isabella Moreno Gutierrez,65,Chaco,104639
36,Ramiro Ojeda,41,Santa Fe,246025
37,Juan Ignacio Perez,26,Neuquén,65783
38,Facundo Mateo Blanco Escobar,73,CABA,205471
39,Dr(a). Camila Godoy,27,Córdoba,221895
40,Benicio Tobias Garcia,22,Salta,119124
41,Olivia Alexander Rodriguez Fernandez,42,Chaco,298155
42,Juan Ignacio Mia Rodriguez,53,Buenos Aires,197607
43,Agostina Juana Campos,61,CABA,158698
44,Lucia Navarro Rodriguez,35,Tucumán,109724
45,Isabella Blanco,25,Mendoza,119314
46,Sr(a). Ciro Miranda,64,Mendoza,235057
47,Lucía Maidana,50,Córdoba,162095
48,Dr(a). Delfina Romero,58,Mendoza,198169
49,Sr(a). Jazmin Rodriguez,71,Neuquén,164308
50,Victoria Camila Rodriguez,66,Córdoba,170860
51,Mateo Ezequiel Luca Rivero Rodriguez,52,Neuquén,294269
52,Vicente Alma Gutierrez Gonzalez,49,Buenos Aires,147007
53,Agustin Blanco,25,Tucumán,309255
54,Juan Ignacio Bianca Suarez,37,Santa Fe,95739
55,Lautaro Zoe Jazmin Rodriguez,21,Santa Fe,339658
56,Juan Ignacio Thiago Agustin Sosa Fernandez,23,Entre Ríos,65527
57,Jazmin Candela Duarte Ramos,70,CABA,297740
58,Dr(a). Facundo Figueroa,26,Córdoba,186393
59,Dante Medina,60,Entre Ríos,245408
60,Francesca Lautaro Benjamin Alvarez Silva,51,Chaco,184245
61,Sr(a). Faustino Herrera,45,Santa Fe,321060
62,Octavio Juana Ramirez Ortiz,62,Santa Fe,142021
63,Maria Belen Francesca Rodriguez,63,Mendoza,103849
64,Thiago Lionel Sosa Romero,41,Entre Ríos,270792
65,Antonella Sanchez,75,Neuquén,142396
66,Maria Paz Lucero Romero,22,Tucumán,218124
67,Luz Maria Martinez,19,Chaco,99458
68,Jeremias Mendez Rojas,18,CABA,164571
69,Mora Flores Molina,63,Buenos Aires,222921
70,Francesca Maldonado Garcia,73,Tucumán,372224
71,Guadalupe Miranda Avila,22,Neuquén,208957
72,Dr(a). Catalina Rodriguez,31,Neuquén,318621
73,Juan Pablo Tobias Sosa,26,Chaco,147020
74,Dr(a). Tiziano Valentin Torres,48,Salta,172495
75,Morena Perez,30,CABA,269687
76,Benjamin Sosa,45,Salta,248605
77,Emiliano Joaquin Martinez Guzman,47,Buenos Aires,93318
78,Luciano Victoria Moyano Ruiz,24,Buenos Aires,50000
79,Alma Lorenzo Torres,43,Tucumán,212029
80,Sr(a). Victoria Rodriguez,30,Santa Fe,163443
81,Sr(a). Alma Gutierrez,52,Entre Ríos,232424
82,Dr(a). Lautaro Ezequiel Gonzalez,47,Santa Fe,239286
83,Sr(a). Emilia Toledo,73,CABA,51016
84,Sr(a). Alma Cabrera,53,CABA,255623
85,Alma Isabella Aguero,21,Neuquén,308507
86,Juan David Ponce Lopez,66,Santa Fe,50000
87,Elena Gutierrez,28,Salta,144745
88,Rosario Genaro Vazquez Sosa,43,Buenos Aires,204999
89,Luz Maria Thiago Lionel Guzman,28,Salta,279591
90,Sr(a). Octavio Vazquez,68,Entre Ríos,201078
91,Bianca Quiroga,36,Salta,157337
92,Nicolas Benjamin Suarez Juarez,68,Neuquén,77675
93,Benjamin Santiago Ramirez,60,Entre Ríos,237799
94,Jazmin Martinez Gonzalez,21,Chaco,255467
95,Martín Julieta Lopez,65,Neuquén,264374
96,Lola Navarro,21,Chaco,225936
97,Dr(a). Juana Luna,48,Neuquén,286101
98,Thiago Emanuel Aguirre Arias,21,Neuquén,152233
99,Isabella Rodriguez Diaz,23,Córdoba,227275
100,Uma  Rafael Ramirez Gomez,73,Santa Fe,212527
101,Dante Catalina Toledo,43,CABA,296973
102,Sr(a). Julia Nuñez,55,Chaco,162726
103,Ignacio Blanco,20,Chaco,301897
104,Bautista Thiago Joaquin Aguirre Lucero,54,Neuquén,257683
105,Sr(a). Maria Luz Quiroga,38,Mendoza,235990
106,Sr(a). Benjamin Farias,33,Mendoza,321761
107,Bautista Benjamin Lopez,43,Córdoba,168080
108,Juan Martin Valentina  Lopez,38,CABA,140448
109,Sr(a). Mateo Joaquin Gomez,18,Entre Ríos,125478
110,Dr(a). Nina Rodriguez,24,CABA,128990
111,Maite Cabrera Rodriguez,52,Santa Fe,157382
112,Dr(a). Giuliana Ferreyra,40,CABA,198424
113,Benjamin Ezequiel Medina Herrera,74,Santa Fe,168012
114,Sr(a). Francesca Muñoz,71,Neuquén,234267
115,Sr(a). Juana Acosta,63,Mendoza,50000
116,Valentina Gonzalez,59,Neuquén,50000
117,Francisca Catalina Farias Miranda,18,Neuquén,163958
118,Joaquin Ramirez,74,Córdoba,312419
119,Santiago Rios,34,CABA,301375
120,Sr(a). Emma Fernandez,27,Mendoza,115827
121,Josefina Thiago Campos,36,Chaco,217951
122,Felipe Bautista Perez,61,Mendoza,271080
123,Alexander Ojeda,50,Entre Ríos,198768
124,Catalina Lucas Benjamin Gonzalez Suarez,21,CABA,374817
125,Sr(a). Julieta Martinez,58,Salta,211487
126,Dr(a). Juana Lopez,39,Córdoba,178901
127,Morena Benjamin Lopez,58,Mendoza,245564
128,Lucas Tiziano Godoy,63,Salta,273400
129,Delfina Isabella Juarez,53,Buenos Aires,347029
130,Dr(a). Bautista Gonzalez,62,Córdoba,324578
131,Pilar Angel Gabriel Torres,52,Buenos Aires,253594
132,Sofia Facundo Hernandez Martinez,27,Salta,108849
133,Ciro Bautista Benjamin Martinez Maidana,26,Buenos Aires,138687
134,Sofia Sosa,68,Buenos Aires,359950
135,Paulina Acosta Rodriguez,75,Tucumán,215046
136,Faustino Mateo Rios,24,Tucumán,258719
137,Juan Cruz Franco Molina Garcia,67,Neuquén,260992
138,Jeremias Gimenez,57,Córdoba,145637
139,Dr(a). Juana Romero,33,Córdoba,344349
140,Dr(a). Josefina Aguero,74,Salta,178257
141,Camila Ferreyra Ramirez,19,Córdoba,193939
142,Benjamin Valentina Rojas Farias,44,Santa Fe,128368
143,Thiago Benjamin Rodriguez Diaz,35,Córdoba,208904
144,Valentino Jazmin Ramirez Quiroga,73,Buenos Aires,162784
145,Dr(a). Francisca Benitez,72,Entre Ríos,225392
146,Emma Gonzalez Roldan,47,Tucumán,345135
147,Victoria Thiago Nahuel Muñoz,37,Santa Fe,219896
148,Tomas Benjamin Facundo Sanchez Gonzalez,43,Tucumán,315819
149,Ramiro Gonzalez,35,CABA,263329
150,Catalina Isabella Escobar Ruiz,59,Neuquén,186631
151,Martina Martina Perez,43,Neuquén,190762
152,Tomas Caceres,74,Mendoza,216520
153,Camila Emma Villalba Maidana,29,Chaco,261108
154,Francesca Rodriguez Suarez,24,Chaco,185343
155,Santino Morales Velazquez,45,Tucumán,190671
156,Angel Gabriel Rodriguez Gonzalez,56,Neuquén,131218
157,Olivia Federico Ponce,25,Salta,241931
158,Sr(a). Bautista Vazquez,20,Salta,169336
159,Sr(a). Jeremias Guzman,18,Neuquén,288801
160,Tiziano Angel Gabriel Gonzalez,64,Santa Fe,155157
161,Valentino Isabella Garcia,41,Salta,306951
162,Lucas Lucio Gomez Rodriguez,39,Chaco,250306
163,Maria Belen Velazquez,38,CABA,187228
164,Valentino Juan Ignacio Velazquez Rodriguez,37,Salta,133606
165,Tiziano Torres,38,Salta,166875
166,Francisca Morales Rodriguez,30,Salta,103824
167,Sr(a). Guadalupe Chavez,60,Salta,123830
168,Lucia Coronel,57,Chaco,50000
169,Juan Ignacio Jazmin Suarez,37,Salta,197823
170,Matias Ramos,36,Santa Fe,199324
171,Bruno Lopez Nuñez,45,Chaco,144700
172,Sr(a). Benicio Soria,46,Entre Ríos,156173
173,Sol Godoy Garcia,61,Santa Fe,58202
174,Guillermina Fernandez Molina,68,Córdoba,190028
175,Juan Pablo Sanchez,60,CABA,175111
176,Mateo Benjamin Rodriguez,57,Tucumán,315478
177,Dr(a). Delfina Gutierrez,23,Santa Fe,173390
178,Abril Simon Sosa,30,Córdoba,149516
179,Thiago Benjamin Roldan Morales,19,Buenos Aires,202943
180,Alma Valentina Luca Acosta Gonzalez,72,CABA,290788
181,Dr(a). Morena Molina,47,Salta,279068
182,Mateo Clara Gonzalez,63,Salta,131290
183,Santiago Fernandez,49,Salta,204417
184,Sr(a). Lara Lopez,18,CABA,316798
185,Lourdes Maldonado,67,Salta,228100
186,Alma Torres Torres,62,Neuquén,341693
187,Jeremias Sosa,47,Buenos Aires,50000
188,Valentino Benitez Caceres,25,Entre Ríos,136936
189,Sr(a). Sofia Gomez,26,Entre Ríos,82333
190,Valentina Nicolas Toledo,56,Tucumán,50000
191,Juan Martin Martina Ortiz Suarez,66,Entre Ríos,103114
192,Amparo Gonzalez Fernandez,50,Salta,117091
193,Emiliano Sanchez Lopez,71,Neuquén,155589
194,Mia Morena Escobar,73,Entre Ríos,215702
195,Juan David Sanchez,46,Mendoza,201709
196,Josefina Mateo Martinez,35,Neuquén,50000
197,Mia Dante Sanchez,49,Santa Fe,195054
198,Tomas Julia Figueroa,36,Santa Fe,231747
199,Guadalupe Figueroa,35,Tucumán,157707
200,Ramiro Gomez Gutierrez,26,Córdoba,290305
201,Olivia Fernandez,32,Salta,156796
202,Bianca Ferreyra,22,Salta,82437
203,Luciano Benjamin Thiago Nicolas Silva Gonzalez,44,Tucumán,120012
204,Thiago Benjamin Benicio Perez Lopez,31,Salta,178058
205,Sr(a). Lautaro Medina,42,Chaco,214986
206,Agustin Rodriguez Suarez,74,Chaco,194717
207,Bastian Joaquín Guzman Garcia,42,Entre Ríos,274439
208,Guillermina Vicente Rodriguez Avila,66,Salta,202759
209,Agustín Emma Lucero,72,Salta,73428
210,Juan Ignacio Nicolas Vargas,69,Chaco,169006
211,Sr(a). Octavio Juarez,75,Santa Fe,136301
212,Valentina Vargas Valdez,49,Buenos Aires,204720
213,Dr(a). Pilar Acosta,42,Tucumán,130167
214,Antonio Luna Aguero,64,Córdoba,75077
215,Francesca Castro,71,Entre Ríos,396699
216,Guillermina Figueroa,52,Buenos Aires,91125
217,Mateo Benitez,43,Chaco,182761
218,Ana Paula Renata Olivera Silva,59,Salta,192618
219,Dr(a). Pedro Sanchez,26,Entre Ríos,225830
220,Franco Thiago Benjamin Aguirre,38,Santa Fe,256477
221,Lorenzo Isabella Paz,47,Tucumán,113984
222,Mateo Castro Ramirez,35,Salta,340365
223,Benjamin Valentin Diaz,34,CABA,69287
224,Camila Vega,21,Tucumán,224674
225,Sofia Lola Flores Garcia,32,CABA,222657
226,Ian Ezequiel Sofia Romero Sanchez,66,Buenos Aires,86032
227,Sr(a). Nina Suarez,33,Santa Fe,259283
228,Sr(a). Felipe Torres,33,Córdoba,105577
229,Sr(a). Bianca Castillo,48,CABA,148373
230,Julieta Sosa,62,Mendoza,178055
231,Dr(a). Victoria Cordoba,67,Tucumán,254017
232,Salvador Martinez Martin,65,CABA,295104
233,Lara Rivero,67,Córdoba,237330
234,Renata Caceres,19,Mendoza,191587
235,Santino Gimenez Caceres,54,Salta,99038
236,Mora Juana Avila Gomez,22,Chaco,276647
237,Sr(a). Tobias Moyano,62,Santa Fe,310396
238,Isabella Francisca Ortiz,72,Chaco,282240
239,Alma Gonzalez Villalba,69,CABA,229600
240,Valentino Sanchez Sanchez,20,Tucumán,100974
241,Maria Victoria Nuñez,52,Salta,184041
242,Vicente Ruiz,59,Tucumán,174312
243,Julieta Guadalupe Soto,18,Salta,216587
244,Rafael Gomez Ponce,41,Entre Ríos,166051
245,Isabel Delfina Paez,63,Córdoba,80391
246,Luciano Catalina Caceres Castro,59,Mendoza,251325
247,Dante Bruno Gimenez Sosa,57,Neuquén,213796
248,Bruno Santiago Benjamin Gonzalez Lopez,70,Chaco,111609
249,Mateo Garcia,35,Tucumán,289937
250,Sr(a). Facundo Torres,23,Mendoza,78973
251,Bruno Morales,74,Entre Ríos,203448
252,Jeremias Alma Molina Lopez,57,Salta,289372
253,Thiago Nahuel Franco,39,Buenos Aires,129114
254,Simon Ramiro Peralta Gomez,49,Santa Fe,202537
255,Catalina Quiroga,40,Mendoza,111376
256,Dr(a). Martin Correa,62,Mendoza,338994
257,Dante Maria Paz Acosta,53,Buenos Aires,148189
258,Augusto Peralta,33,Salta,194567
259,León Medina Mendoza,49,Neuquén,206284
260,Dr(a). Francesco Nuñez,59,Entre Ríos,77620
261,Catalina Thiago Benjamin Perez Sosa,46,Buenos Aires,247220
262,Agustín Rojas Diaz,62,Santa Fe,231253
263,Maximo Diaz,37,Chaco,130916
264,Santiago Nicolas Torres,40,Salta,274481
265,Lucas Priscila Rivero,65,Neuquén,139416
266,Thiago Dominguez,35,Mendoza,308916
267,Dr(a). Thiago Emanuel Alvarez,34,Santa Fe,237997
268,Dr(a). Oriana Garcia,25,Neuquén,235977
269,Giuliana Geronimo Ferreyra Moreno,66,Córdoba,247061
270,Mateo Ledesma,35,Chaco,322308
271,Santino Ezequiel Renata Acosta,66,Neuquén,50000
272,Benjamin Arias Torres,71,Santa Fe,71725
273,Dr(a). Thiago Emanuel Mendez,36,Santa Fe,156446
274,Octavio Gutierrez Soria,63,Neuquén,252058
275,Lucas Valentin Dominguez Acosta,26,Mendoza,225702
276,Dr(a). Lola Perez,36,Córdoba,207557
277,Sr(a). Maria Emilia Martinez,58,Entre Ríos,210047
278,Julieta Mendez,36,Entre Ríos,207552
279,Juan Pablo Olivera Ojeda,48,Entre Ríos,87991
280,Sr(a). Francesca Romero,34,Entre Ríos,374780
281,Delfina Bautista Benjamin Gutierrez Alvarez,25,CABA,174525
282,Isabella Santino Pereyra,58,Buenos Aires,218336
283,Camila Olivera Rodriguez,27,Córdoba,273178
284,Lola Sebastian Coronel Gonzalez,23,Santa Fe,50000
285,Tiziano Gonzalez,25,Neuquén,209900
286,Juan Cruz Valentino Moreno Castro,68,Chaco,91214
287,Thiago Emanuel Juliana Gomez,32,Neuquén,72176
288,Juan Pablo Federico Fernandez Garcia,37,Chaco,319465
289,Salvador Fernandez Benitez,45,Mendoza,174383
290,Sr(a). Maximo Rodriguez,65,CABA,188214
291,Santiago Nicolas Zoe Jazmin Cardozo Maidana,66,Santa Fe,155789
292,Benjamin Rodriguez Alvarez,23,Córdoba,155502
293,Thiago Nicolas Maria Paz Rodriguez,33,Córdoba,155789
294,Sr(a). Zoe Valentina Rodriguez,44,Entre Ríos,185021
295,Sr(a). Thiago Miranda,62,Chaco,179757
296,Felipe Bautista Mendoza,36,Mendoza,203873
297,Sr(a). Martina Gimenez,62,Entre Ríos,252594
298,Catalina Isabella Peralta,34,Chaco,225227
299,Thiago Benjamin Thiago Lionel Castro Mendez,60,Santa Fe,110561
300,Dr(a). Benjamin Rodriguez,59,Córdoba,245473
301,Sr(a). Ramiro Rodriguez,35,Córdoba,243420
302,Micaela Lourdes Garcia Ortiz,37,Chaco,220904
303,Sr(a). Olivia Rojas,65,Chaco,275703
304,Thiago Benjamin Romero,47,Mendoza,159118
305,Morena Maldonado,62,Salta,288209
306,Guillermina Matilda Toledo,49,Entre Ríos,166780
307,Martina Paloma Chavez,23,Chaco,282438
308,Bianca Ana Paula Maldonado,38,Chaco,221090
309,Dr(a). Ivan Gomez,34,Buenos Aires,371762
310,Juan Pablo Flores,71,Chaco,311023
311,Alfonsina Thiago Benjamin Figueroa,55,Buenos Aires,319497
312,Thiago Nahuel Diaz Rodriguez,35,Chaco,199679
313,Juan Pablo Rodriguez Romero,20,Córdoba,85830
314,Luna Ramiro Romero Rivero,35,Córdoba,221407
315,Renata Isabella Fernandez,55,Salta,138357
316,Juan Cruz Aguero Rodriguez,23,Entre Ríos,130270
317,Sr(a). Martin Castillo,40,Salta,140443
318,Milena Diaz Aguirre,72,Córdoba,303194
319,Kiara Sosa,39,Salta,177138
320,Gonzalo Barrios Ortiz,43,Neuquén,138120
321,Sr(a). Nicolas Vera,20,Entre Ríos,251915
322,Maximo Agustina Gutierrez Garcia,25,Salta,232065
323,Nina Santiago Benjamin Suarez Gomez,73,Neuquén,201742
324,Joaquin Gutierrez Sosa,73,Neuquén,196578
325,Thiago Benjamin Perez Ruiz,47,Salta,291157
326,Catalina Torres Acosta,57,Entre Ríos,232305
327,Simon Mateo Gimenez,58,Entre Ríos,203386
328,Lourdes Hernandez,53,Córdoba,146131
329,Lautaro Julieta Aguirre,36,Entre Ríos,267490
330,Martina Thiago Nahuel Vega Herrera,19,Chaco,137295
331,Dr(a). Catalina Gomez,69,Santa Fe,182745
332,Juan Martin Juarez Aguirre,18,Neuquén,133173
333,Dr(a). Mateo Paez,44,CABA,224302
334,Felicitas Ortiz,25,Entre Ríos,351590
335,Josefina Juarez,25,Córdoba,72965
336,Lorenzo Mendoza,50,Mendoza,201297
337,Luciano Nuñez Godoy,44,Entre Ríos,259338
338,Felipe Juan Ignacio Coronel Castro,53,Córdoba,192597
339,Sr(a). Thiago Benjamin Lopez,42,Santa Fe,284059
340,Faustino Uma  Diaz,74,Córdoba,155065
341,Dr(a). Juan Rojas,73,CABA,176796
342,Jazmin Francesca Soria,44,Tucumán,339421
343,Mateo Benjamin Romero Pereyra,68,Neuquén,199383
344,Jazmín Toledo,64,Mendoza,205701
345,Lucía Hernandez,71,Chaco,97006
346,Valentina Franco Romero Figueroa,73,Córdoba,143443
347,Francisco Cabrera,46,Neuquén,128426
348,Sr(a). Juliana Gonzalez,66,Neuquén,207065
349,Sr(a). Mateo Benjamin Aguirre,42,Entre Ríos,347320
350,Joaquín Delfina Lopez Cabrera,62,Santa Fe,133875
351,Ciro Torres Flores,54,Salta,214257
352,Tiziano Benjamin Benitez Gonzalez,20,Tucumán,337553
353,Bautista Sofia Farias Acuña,65,Entre Ríos,159433
354,Thiago Agustin Juan Bautista Gimenez Flores,42,Córdoba,59618
355,Amparo Bautista Lucero,49,Buenos Aires,345545
356,Delfina Ponce,39,CABA,347843
357,Giuliana Mateo Lopez Gomez,73,Entre Ríos,342364
358,Dr(a). Mora Ruiz,18,Córdoba,303040
359,Tomas Sanchez,44,Córdoba,324394
360,Emilia Lucia Martinez Lucero,34,Tucumán,263213
361,Felipe Castro,57,Salta,107990
362,Uma  Ignacio Garcia Benitez,72,Neuquén,73632
363,Agustin Juan Bautista Perez Rios,42,Tucumán,83110
364,Gael Renata Herrera,49,Neuquén,80437
365,Sr(a). Lisandro Correa,20,Chaco,302708
366,Luz Milagros Blanco,36,Santa Fe,247092
367,Dr(a). Catalina Martin,65,CABA,166669
368,Sr(a). Juan Ignacio Franco,58,CABA,214680
369,Bruno Gomez,46,Córdoba,140388
370,Catalina Amparo Gonzalez,20,Tucumán,50000
371,Sr(a). Lautaro Rodriguez,68,Buenos Aires,179131
372,Julieta Medina Aguero,27,Santa Fe,274681
373,Sr(a). Paula Rojas,51,Salta,70117
374,Alma Jazmin Tomàs Aguirre,28,Córdoba,142893
375,Gael Perez,23,Chaco,276579
376,Valentina Francisco Blanco,33,Entre Ríos,119309
377,Dr(a). Joaquin Blanco,55,Córdoba,212735
378,Ezequiel Cardozo Juarez,47,Mendoza,313317
379,Thiago Benjamin Mateo Joaquin Medina Soto,60,Buenos Aires,272054
380,Camila Rodriguez Nuñez,36,Neuquén,146891
381,Bianca Gonzalez Fernandez,28,CABA,131214
382,Tomas Francesca Aguero,55,Mendoza,226373
383,Sr(a). Bautista Garcia,58,Salta,167624
384,Maximo Delfina Acuña Diaz,37,Santa Fe,117755
385,Facundo Pilar Juarez,42,Entre Ríos,261448
386,Valentino Peralta,40,Chaco,248695
387,Lautaro Nahuel Benjamin Lopez Morales,36,Mendoza,349183
388,Valentin Mendoza Sosa,43,Mendoza,220696
389,Tomas Morena Gomez,18,Chaco,291876
390,Mora Duarte Godoy,21,Chaco,95876
391,Martina Paloma Blanco,65,Entre Ríos,285927
392,Catalina Olivia Torres,67,Santa Fe,50097
393,Dr(a). Lola Perez,56,Tucumán,210054
394,Dr(a). Santiago Correa,34,Córdoba,250973
395,Sr(a). Lucas Avila,58,CABA,294745
396,Olivia Tiziano Benjamin Benitez Perez,37,Entre Ríos,134213
397,Luciano Kiara Luna Suarez,20,Chaco,171945
398,Ambar Perez Juarez,36,Tucumán,231879
399,Dr(a). Lisandro Campos,65,Salta,219185
400,Ramiro Valentino Flores Benitez,52,Tucumán,238030
401,Paulina Abril Alvarez Vera,51,Neuquén,328996
402,Valentina  Santino Benjamin Gonzalez,34,Entre Ríos,122047
403,Lorenzo Rodriguez Martinez,69,Mendoza,198427
404,Sr(a). Olivia Lopez,25,Entre Ríos,127259
405,Josefina Mora Ledesma Mendoza,22,Córdoba,201492
406,Dr(a). Dante Godoy,61,Salta,142811
407,Dr(a). Lautaro Nahuel Gonzalez,72,Neuquén,105919
408,Sr(a). Paloma Sanchez,18,Mendoza,305672
409,Clara Bautista Mansilla Romero,52,CABA,85206
410,Bruno Sanchez Miranda,61,Mendoza,233518
411,Valentina Thiago Cabrera,55,Salta,283470
412,Isabel Gonzalez,24,Santa Fe,50000
413,Francisco Mateo Agustin Perez Suarez,48,Buenos Aires,59965
414,Zoe Jazmin Benjamin Ezequiel Avila,38,Chaco,69247
415,Mia Josefina Sosa,32,CABA,141062
416,Santino Benjamin Valentino Garcia Herrera,62,Mendoza,132805
417,Lorenzo Gomez Mendoza,59,Salta,218111
418,Dr(a). Dante Gomez,20,Mendoza,216309
419,Antonella Quiroga Diaz,49,CABA,336937
420,Morena Jazmin Santino Gabriel Diaz Chavez,26,Salta,295846
421,Juana Benjamin Soto Rios,47,Tucumán,136809
422,Lautaro Chavez,52,Salta,84220
423,Alma Jazmin Santino Gabriel Aguirre,55,Córdoba,287739
424,Thiago Valentin Joaquin Acuña,71,Entre Ríos,123052
425,Benicio Alma Gutierrez Ramos,57,Salta,260115
426,Lucas Benjamin Garcia Romero,62,Tucumán,175784
427,Emanuel Maldonado,31,Entre Ríos,144794
428,Francesca Mateo Agustin Romero,41,CABA,219995
429,Emiliano Lucía Cordoba Medina,61,Tucumán,50000
430,Catalina Sofia Franco,40,Buenos Aires,139104
431,Sr(a). Valentina  Vazquez,43,Mendoza,215079
432,Alma Valentina Valentino Gonzalez Muñoz,72,Entre Ríos,237952
433,Francesca Camila Diaz,23,Santa Fe,132131
434,Agustina Olivia Gonzalez,19,Buenos Aires,116147
435,Sr(a). Santino Suarez,68,Tucumán,201677
436,Emilia Gomez Flores,54,Santa Fe,241472
437,Franco Ledesma Godoy,22,Neuquén,214841
438,Ivan Diaz Maldonado,73,Santa Fe,253794
439,Isabella Mendez,39,Córdoba,225895
440,Micaela Catalina Alvarez Figueroa,35,Córdoba,95453
441,Lautaro Juan Lopez Romero,26,Neuquén,199796
442,Rosario Castillo,60,Buenos Aires,249543
443,Ciro Ciro Lopez Vera,26,Buenos Aires,111328
444,Joaquin Francisco Molina,55,Tucumán,309628
445,Isabella Medina Miranda,19,Córdoba,195984
446,Luna Mansilla Gonzalez,44,Neuquén,241459
447,Tiziana Micaela Gomez,25,CABA,62741
448,Juan Cruz Lopez,50,Chaco,220640
449,Sofia Silva,24,Entre Ríos,50000
450,Delfina Fausto Fernandez,20,Neuquén,195347
451,Clara Gonzalez,37,Entre Ríos,187499
452,Dr(a). Octavio Ponce,48,Salta,184227
453,Tiziano Velazquez,45,CABA,50000
454,Morena Diaz,22,CABA,210720
455,Juan Manuel Benjamin Ramirez Peralta,38,Chaco,224775
456,Lola Guadalupe Rodriguez Fernandez,57,Chaco,233359
457,Ramiro Lucas Benjamin Rodriguez,53,Tucumán,120916
458,Julieta Gonzalez,36,Entre Ríos,273424
459,Luz Milagros Catalina Bravo,50,Chaco,71431
460,Sr(a). Thiago Valentin Herrera,25,Neuquén,260303
461,Santino Suarez,64,Santa Fe,50000
462,Dante Tiziano Valentin Gutierrez,44,Tucumán,271222
463,Benjamin Ramirez,70,Entre Ríos,95933
464,Dr(a). Dylan Blanco,38,Salta,276885
465,Felipe Josefina Godoy Perez,38,Mendoza,167585
466,Matias Castro,48,CABA,232701
467,Sr(a). Bruno Sosa,23,CABA,230043
468,Jeremias Felicitas Gomez Rodriguez,65,Tucumán,219932
469,Malena Alvarez,69,Córdoba,100285
470,Lautaro Gabriel Francisco Vega Toledo,53,Neuquén,163127
471,Genaro Mateo Benjamin Gomez Quiroga,39,CABA,62177
472,Martín Victoria Cardozo Ferreyra,66,Salta,286486
473,Malena Bautista Maidana Diaz,73,Buenos Aires,306230
474,Dr(a). Martina Avila,40,CABA,178626
475,Maximiliano Morena Jazmin Fernandez Castro,54,Neuquén,227140
476,Thiago Francisco Gimenez Herrera,32,CABA,313798
477,Dr(a). Bautista Barrios,40,Neuquén,108653
478,Thiago Ezequiel Perez Valdez,54,Santa Fe,300312
479,Delfina Santino Valdez Gutierrez,69,Salta,322015
480,Dylan Lopez,70,Chaco,50000
481,Matilda Clara Pereyra,57,Neuquén,381546
482,Francesca Ruiz,71,Mendoza,230222
483,Santiago Guzman Torres,19,Córdoba,180239
484,León Catalina Gomez,39,Tucumán,334186
485,Clara Bautista Rodriguez,18,Córdoba,270724
486,Violeta Thiago Ezequiel Sosa,43,CABA,124556
487,Nahiara Delfina Escobar Aguero,27,Buenos Aires,282473
488,Maria Belen Antonio Garcia Dominguez,42,Salta,253625
489,Bautista Perez Fernandez,47,Tucumán,237991
490,Gael Rafael Mendoza Aguirre,38,Chaco,257764
491,Ciro Benjamin Rios Gomez,56,CABA,234576
492,Juan Martin Gonzalez Lucero,66,Chaco,168871
493,Juan Ignacio Ayala Pereyra,21,CABA,183690
494,Juana Gutierrez Gonzalez,49,Chaco,316687
495,Salvador Benitez Soto,46,Salta,180540
496,Agustina Emilia Vega Gonzalez,25,Tucumán,332746
497,Thiago Valentin Julia Ponce,45,CABA,175007
498,Malena Ivan Sanchez,49,Neuquén,317897
499,Thiago Ian Benjamin Gimenez,60,Mendoza,276992
500,Ema Moreno,56,Buenos Aires,222587
501,Luca Rojas,18,Santa Fe,182503
502,Agustina Ian Ezequiel Martinez Ortiz,26,Mendoza,252260
503,Ian Lara Herrera Miranda,36,Tucumán,268411
504,Dr(a). Nahiara Escobar,45,Córdoba,264230
505,Olivia Santino Benjamin Rojas Ramirez,26,Salta,143352
506,Luca Milena Martinez,53,Tucumán,188238
507,Isabella Mateo Bustos Martin,22,Salta,215193
508,Renata Gonzalez Fernandez,19,Entre Ríos,182044
509,Joaquina Bautista Martinez Coronel,22,Tucumán,107185
510,Manuel Rodriguez,63,Salta,152149
511,Sr(a). Juan Cruz Suarez,36,CABA,50000
512,Ian Benjamin Diaz Gonzalez,28,Chaco,317004
513,Dr(a). Luciano Ponce,47,Tucumán,331277
514,Francesca Delfina Figueroa,33,Salta,281163
515,Bianca Rodriguez Ruiz,55,Salta,120605
516,Kiara Mendez,37,Tucumán,187955
517,Joaquin Juan Ignacio Sanchez,32,Tucumán,205802
518,Lorenzo Garcia Ferreyra,58,CABA,168642
519,Dr(a). Santino Ledesma,51,Neuquén,247788
520,Catalina Alvarez Lopez,40,Córdoba,329921
521,Dr(a). Salvador Sanchez,33,CABA,232124
522,Mateo Benjamin Castro,56,Córdoba,242199
523,Sr(a). Sofia Leiva,66,CABA,260871
524,Sofía Martinez Vargas,49,Entre Ríos,323556
525,Tomas Facundo Flores,66,Chaco,205416
526,Dr(a). Juan Ignacio Diaz,74,Chaco,112836
527,Victoria Mateo Agustin Molina Correa,59,Chaco,105508
528,Guillermina Isabella Vera,38,Córdoba,390728
529,Guillermina Martinez Leiva,46,CABA,89124
530,Lucio Tomas Villalba,68,Mendoza,221931
531,Thiago Nicolas Joaquín Gonzalez,55,Buenos Aires,181228
532,Sr(a). Salvador Ramirez,47,Entre Ríos,225186
533,Francisco Suarez Gomez,20,Buenos Aires,155330
534,Juan Ignacio Ledesma,59,CABA,248331
535,Guadalupe Gomez Villalba,57,Chaco,110916
536,Sr(a). Juan Sebastian Martinez,53,Buenos Aires,196041
537,Julieta Bautista Benjamin Gonzalez Rodriguez,46,Chaco,159243
538,Dr(a). Micaela Sanchez,48,Neuquén,142519
539,Bautista Juan Martin Farias,27,Buenos Aires,60977
540,León Sanchez Sanchez,71,Tucumán,244667
541,Benjamin Lopez Duarte,63,CABA,150780
542,Juana Gomez Fernandez,33,Entre Ríos,198593
543,Thiago Nahuel Jazmin Castro,46,Neuquén,153441
544,Juan Bautista Charo Gonzalez,41,Mendoza,193300
545,Thiago Nicolas Martina Ramirez Alvarez,42,Salta,218463
546,Dr(a). Emma Rodriguez,21,Tucumán,80837
547,Dr(a). Vicente Romero,22,Tucumán,299872
548,Camila Silva Morales,36,Mendoza,267421
549,Lucía Suarez,64,Chaco,250390
550,Juan Francisco Valdez Alvarez,55,Córdoba,148509
551,Martina Cruz,40,Mendoza,321337
552,Valentino Herrera Gutierrez,43,Córdoba,175029
553,Benjamin Gonzalez Martinez,56,CABA,171556
554,Santiago Tobias Soto Maldonado,68,Tucumán,272398
555,Dr(a). Lara Fernandez,70,Córdoba,127668
556,Thiago Benjamin Emilia Nuñez,65,Neuquén,68201
557,Sr(a). Benjamin Castillo,23,Salta,184676
558,Maite Federico Martinez,37,Córdoba,199182
559,Dr(a). Bruno Martinez,31,Tucumán,287387
560,Dr(a). Salvador Moyano,32,Córdoba,170184
561,Justina Acosta Diaz,27,CABA,160008
562,Sr(a). Morena Gonzalez,50,Neuquén,335140
563,Helena Garcia Lopez,71,Neuquén,270469
564,Mateo Sosa Bustos,67,Chaco,217034
565,Sol Lopez Gomez,26,Chaco,165978
566,Dr(a). Juana Rodriguez,71,Chaco,233294
567,Gabriel Ferreyra,69,Córdoba,195694
568,Fausto Tomas Benjamin Carrizo Velazquez,41,Santa Fe,176478
569,Augusto Garcia,46,Chaco,171061
570,Franco Candelaria Maldonado Suarez,46,Santa Fe,329740
571,Paulina Rodriguez,52,Santa Fe,146897
572,Benicio Martina Acosta,48,Santa Fe,335444
573,Faustino Duarte,41,Chaco,288609
574,Thiago Benjamin Soria Martinez,36,Salta,191309
575,Agustin Facundo Moreno,50,Neuquén,158506
576,Ian Lourdes Gonzalez,30,Chaco,223268
577,Maria Luz Rivero Duarte,26,Mendoza,286691
578,Sol Ian Benjamin Herrera,41,Neuquén,229486
579,Sofía Rodriguez Gonzalez,24,Neuquén,238909
580,Dr(a). Francesca Dominguez,66,Córdoba,147263
581,Santiago Correa Gonzalez,35,Entre Ríos,237408
582,Isabella Gomez Ramirez,45,CABA,174682
583,Salvador Garcia Ayala,32,Entre Ríos,338283
584,Catalina Gonzalez Fernandez,44,Buenos Aires,77514
585,Bianca Joaquin Gomez,43,Neuquén,144478
586,Sr(a). Mia Jazmin Caceres,23,Tucumán,256251
587,Lautaro Benjamin Benicio Carrizo Molina,32,Buenos Aires,184713
588,Juana Catalina Godoy Sosa,63,Tucumán,233195
589,Dr(a). Luciano Silva,68,Córdoba,242693
590,Juana Lourdes Acosta Romero,71,Entre Ríos,250050
591,Francesca Juliana Sanchez,62,Córdoba,204999
592,Pedro Cordoba Aguero,57,Buenos Aires,110111
593,Isabella Vicente Gomez,75,CABA,255363
594,Oriana Sofía Perez,27,Neuquén,206642
595,Bautista Gonzalez Acosta,64,Chaco,161748
596,Pedro Acosta Perez,36,Santa Fe,193257
597,Jazmin Rodriguez,37,CABA,279750
598,Lola Pilar Alvarez,68,Chaco,224671
599,Sebastian Gutierrez Moreno,47,CABA,333190
600,Julieta Camila Muñoz,56,Neuquén,311399
601,Malena Villalba,19,Neuquén,86514
602,Emilia Martinez Dominguez,36,Salta,142133
603,Milena Paula Leiva,18,Chaco,137372
604,Ambar Maite Vargas,29,CABA,283068
605,Sol Lautaro Rios,51,Tucumán,289055
606,Mora Vazquez Pereyra,50,Neuquén,240331
607,Benjamin Santiago Gomez Lopez,53,Buenos Aires,130363
608,Sr(a). Olivia Peralta,58,Salta,257275
609,Alma Guadalupe Franco,41,Mendoza,198732
610,Luna Nicolas Fernandez,22,Tucumán,124814
611,Dr(a). Vicente Pereyra,33,CABA,217565
612,Sr(a). Alma Valentina Medina,39,Córdoba,70774
613,Emma Guadalupe Ramos Diaz,20,Tucumán,59470
614,Julia Valdez,29,Entre Ríos,158200
615,Santino Ezequiel Juan Manuel Alvarez Bustos,62,Entre Ríos,101124
616,Alma Valentina Figueroa Caceres,22,Entre Ríos,92379
617,Dr(a). Juana Ponce,20,Mendoza,242402
618,Thiago Hernandez,74,Buenos Aires,335078
619,Francisco Rodriguez,38,Mendoza,50000
620,Joaquin Milena Paz Ledesma,52,Entre Ríos,176784
621,Olivia Nuñez,34,Buenos Aires,201077
622,Luz Milagros Acuña Cardozo,40,Buenos Aires,147909
623,Santino Gabriel Juana Gomez Fernandez,73,Tucumán,179158
624,Franco Martinez Romero,45,Salta,341861
625,Juan Gabriel Sosa,65,Entre Ríos,262391
626,Sr(a). Guadalupe Castro,29,Entre Ríos,151377
627,Felipe Thiago Benjamin Lopez Ponce,62,Entre Ríos,103909
628,Guillermina Torres Navarro,35,CABA,305807
629,Morena Jazmin Villalba,64,Salta,295571
630,Agustina Thiago Benitez,70,Córdoba,251705
631,Camila Lautaro Gomez Barrios,52,Mendoza,185859
632,Pedro Sosa Martinez,60,Mendoza,229467
633,Bianca Arias,37,Entre Ríos,132617
634,Alejo Lopez,62,Entre Ríos,149327
635,Dr(a). Santiago Campos,40,Entre Ríos,355923
636,Thiago Gabriel Josefina Vargas,40,Chaco,242503
637,Bautista Emma Diaz Martinez,45,Mendoza,109341
638,Dr(a). Sofia Flores,21,CABA,91153
639,Thiago Ezequiel Valentina Jazmin Diaz,60,Salta,106070
640,Mora Santino Moreno,61,Córdoba,308850
641,Sr(a). Dante Duarte,19,Córdoba,269982
642,Sofia Francisco Dominguez,46,Buenos Aires,101964
643,Antonia Diaz Romero,26,CABA,210120
644,Thiago Benjamin Pereyra,41,Salta,314715
645,Juana Ruiz,54,Buenos Aires,104742
646,Dr(a). Maria Belen Suarez,41,Tucumán,126019
647,Paula Guzman Rodriguez,46,CABA,112174
648,Dylan Rodriguez,43,Tucumán,155997
649,Benjamin Paula Ramos Rivero,59,Mendoza,200096
650,Thiago Nicolas Ojeda Silva,65,Córdoba,239260
651,Sr(a). Luz Milagros Farias,49,Neuquén,122085
652,Mora Franco,34,Mendoza,266981
653,Lucia Camilo Olivera Suarez,63,Entre Ríos,224300
654,Santino Agustin Acosta Silva,62,Entre Ríos,307349
655,Sara Bravo,30,CABA,220645
656,Emiliano Velazquez,29,Entre Ríos,223634
657,Maximo Juan Martin Lopez,23,Tucumán,137907
658,Thiago Valentin Perez,53,Neuquén,90597
659,Sr(a). Bautista Gomez,36,Mendoza,275046
660,Sr(a). Catalina Romero,62,Córdoba,98546
661,Benicio Ojeda,68,Tucumán,159366
662,Isabella Juan Bautista Benitez,30,Córdoba,197762
663,Thiago Maria Guadalupe Carrizo,33,Entre Ríos,300282
664,Juan Pablo Morales Gonzalez,41,Entre Ríos,216714
665,Agustin Juan Sebastian Quiroga Lopez,69,Neuquén,313901
666,Abril Isabella Medina,22,Mendoza,320943
667,Juan Bautista Dante Martinez Sosa,43,Entre Ríos,64794
668,Olivia Felicitas Arias,70,Chaco,177979
669,Rafael Fernandez,22,Córdoba,312996
670,Mateo Ezequiel Lautaro Luna Mendoza,46,Entre Ríos,180191
671,Sr(a). Luciano Castro,61,Neuquén,108185
672,Valentina Catalina Luna,67,Neuquén,335991
673,Milagros Máximo Miranda Silva,58,Chaco,286351
674,Lautaro Nicolas Suarez,45,Neuquén,389540
675,Paloma Soto,73,Buenos Aires,247308
676,Juana Gonzalez Cardozo,37,Córdoba,115701
677,Benjamin Ezequiel Sanchez,28,Tucumán,252446
678,Olivia Santino Gomez Fernandez,51,Mendoza,177202
679,Alma Valentina Gonzalez,72,CABA,199568
680,Dr(a). Morena Sosa,53,Mendoza,313589
681,Sr(a). Agustín Gonzalez,26,Mendoza,173337
682,Nina Olivia Castro,59,Córdoba,176663
683,Sr(a). Benicio Mansilla,55,Chaco,266427
684,Antonella Mateo Benitez Aguero,64,Chaco,296688
685,Maximo Gonzalez Ramirez,39,Chaco,354419
686,Dr(a). Gael Barrios,23,Buenos Aires,240885
687,Tiziano Valentin Julian Roldan Godoy,59,Chaco,194938
688,Lola Benitez,54,Salta,254815
689,Tomàs Joaquina Pereyra Lucero,57,Buenos Aires,87631
690,Martina Gimenez Martinez,36,Mendoza,201385
691,Valentin Gomez Nuñez,48,Santa Fe,240965
692,Sr(a). Isabella Lopez,37,Entre Ríos,85511
693,Sr(a). Constantino Alvarez,22,Buenos Aires,245274
694,Juan Cruz Antonella Gonzalez,47,Santa Fe,269473
695,Dr(a). Juana Romero,39,Chaco,298542
696,Milo Alvarez Silva,38,Tucumán,324869
697,Dr(a). Sofia Sosa,43,Córdoba,206444
698,Santiago Gomez Lopez,24,Tucumán,103979
699,Thiago Joaquín Gonzalez,33,Entre Ríos,262773
700,Dr(a). Bautista Benjamin Torres,27,CABA,260848
701,Thiago Benjamin Acosta Castro,21,Mendoza,350532
702,Dr(a). Lisandro Correa,44,Santa Fe,146216
703,Milagros Milena Ojeda Ponce,73,Córdoba,272387
704,Angelina Fausto Romero Rodriguez,64,Tucumán,50000
705,Tomas Pereyra,30,Córdoba,103803
706,Mia Morena Escobar,49,Mendoza,201048
707,Federico Paulina Fernandez,49,Buenos Aires,267508
708,Valentino Roldan Leiva,47,Santa Fe,242871
709,Francisco Martinez,31,Chaco,184479
710,Sr(a). Joaquín Diaz,49,Chaco,220565
711,Rafael Rios Ponce,74,Entre Ríos,197717
712,Camilo Renata Flores,24,Salta,209994
713,Lara Cabrera Hernandez,26,Mendoza,180855
714,Felipe Mateo Mendoza Diaz,41,Buenos Aires,65434
715,Alma Mia Guadalupe Rodriguez,43,Buenos Aires,152409
716,Bautista Sanchez,53,Mendoza,177503
717,Ramiro Fernandez Gonzalez,22,Salta,64019
718,Lucas Carrizo,35,Chaco,196363
719,Sr(a). Bautista Leiva,61,Chaco,359581
720,Luca Alma Carrizo,43,Tucumán,347628
721,Olivia Santino Suarez Ferreyra,68,Tucumán,128661
722,Sr(a). Mateo Rodriguez,27,Santa Fe,172873
723,Lucio Maldonado,56,Neuquén,181330
724,Kiara Dante Villalba,20,Córdoba,213317
725,Kiara Valentina  Perez Diaz,63,Tucumán,232209
726,Isabella Franco Ramirez Gutierrez,27,Chaco,108679
727,Dr(a). Mateo Quiroga,75,Neuquén,318234
728,Julieta Alvarez Garcia,38,Córdoba,342520
729,Juan Cruz Velazquez Moreno,43,Chaco,195476
730,Luciano Ledesma,39,Neuquén,132687
731,Nahuel Catalina Diaz,71,Neuquén,76930
732,Dr(a). Abril Sanchez,37,Entre Ríos,174643
733,Sr(a). Francisco Morales,70,Buenos Aires,118932
734,Benjamin Jazmin Dominguez Acuña,44,Chaco,288133
735,Valentino Juan David Nuñez,37,Buenos Aires,148445
736,Bautista Arias Martinez,59,Chaco,164052
737,Milena Pedro Coronel,54,Santa Fe,181075
738,Thiago Benjamin Benicio Vega,28,Neuquén,95819
739,Federico Martin Gimenez Garcia,58,Chaco,212049
740,Sofia Agustin Peralta Rodriguez,70,Santa Fe,122685
741,Sr(a). Jeremias Sanchez,20,Chaco,236576
742,Sr(a). Enzo Ayala,19,Entre Ríos,187658
743,Martina Herrera Perez,38,Salta,271123
744,Juana Valentina Jazmin Navarro Acosta,44,Neuquén,299767
745,Joaquin Julieta Ortiz Lucero,67,Chaco,342626
746,Joaquin Agustina Gomez,65,Buenos Aires,122198
747,Dr(a). Catalina Gonzalez,63,Córdoba,98069
748,Manuel Valentina  Gonzalez,60,Entre Ríos,187979
749,Maria Victoria Diaz,51,Salta,180761
750,Valentino Julian Guzman,52,Tucumán,245432
751,Geronimo Diaz Alvarez,52,Tucumán,127740
752,Guadalupe Soto,61,Mendoza,56249
753,Ignacio Maria Emilia Ruiz,57,Entre Ríos,221360
754,Ian Antonella Gonzalez,53,Mendoza,256275
755,Bruno Gomez Aguirre,32,Mendoza,216579
756,Bastian Ignacio Gonzalez Godoy,62,Entre Ríos,76118
757,Antonella Cabrera Diaz,38,Entre Ríos,91591
758,Mateo Benjamin Castro,68,Mendoza,351596
759,Morena Lautaro Gonzalez Vazquez,36,CABA,110341
760,Jazmin Ramirez Cardozo,75,Salta,155392
761,Sofia Quiroga Gimenez,70,Tucumán,338727
762,Paulina Lola Caceres Garcia,36,Buenos Aires,159326
763,Thiago Lionel Pereyra Lopez,36,CABA,150789
764,Sr(a). Geronimo Gutierrez,34,Entre Ríos,271094
765,Milo Dylan Benjamin Medina,31,Santa Fe,229932
766,Mia Diaz,53,Mendoza,143855
767,Dr(a). Violeta Moreno,26,CABA,120513
768,Sr(a). Lorenzo Nuñez,33,Buenos Aires,129320
769,Emilia Thiago Daniel Benitez Paez,60,Neuquén,208869
770,Sara Tiziana Rodriguez Mansilla,24,Salta,257568
771,Julieta Mia Vera Ferreyra,39,Entre Ríos,310811
772,Isabella Julieta Medina,18,Neuquén,281090
773,Lautaro Ezequiel Sanchez Bustos,28,Salta,105486
774,Franco Alvarez Gonzalez,48,Entre Ríos,64812
775,Juliana Mateo Fernandez,59,Santa Fe,202445
776,Juana Santino Rodriguez Sosa,36,Buenos Aires,134210
777,Victoria Olivia Ledesma Gimenez,67,CABA,166498
778,Maria Emilia Flores Silva,65,Buenos Aires,152460
779,Sr(a). Guadalupe Suarez,29,Salta,236740
780,Mateo Benjamin Rodriguez Villalba,20,Salta,166462
781,Juan Cruz Molina,68,Entre Ríos,251820
782,Juliana Catalina Benitez,73,Mendoza,322509
783,Valentina Micaela Cardozo Maidana,74,Buenos Aires,303469
784,Sr(a). Giuliana Vazquez,24,Tucumán,206032
785,Emilia Santiago Suarez Pereyra,36,Entre Ríos,299924
786,Thiago Joaquin Guzman Ferreyra,49,Córdoba,193145
787,Juana Lucero Ramirez,72,Neuquén,148692
788,Maria Guadalupe Victoria Cardozo,25,Tucumán,210450
789,Sr(a). Jazmin Diaz,28,Entre Ríos,124012
790,Julieta Ledesma Cabrera,18,Tucumán,97746
791,Candela Franco,68,Mendoza,77403
792,Santino Lautaro Nahuel Perez Fernandez,29,Chaco,144385
793,Guadalupe Caceres Gutierrez,72,Salta,244779
794,Rafael Muñoz,23,Salta,114768
795,Tobias Mia Aguero Aguero,60,CABA,217546
796,Juan Martin Blanco,38,Santa Fe,240395
797,Lautaro Ledesma Gonzalez,18,Mendoza,135226
798,Fausto Camilo Garcia,35,Tucumán,258145
799,Thiago Agustin Torres Peralta,37,Chaco,197943
800,Lola Delfina Muñoz,59,Tucumán,188042
801,Maria Victoria Benjamin Ezequiel Ruiz Diaz,62,Santa Fe,237112
802,Santino Flores,37,Córdoba,215270
803,Candelaria Thiago Nahuel Romero,43,Neuquén,348179
804,Catalina Luna Aguero,67,Mendoza,122264
805,Maximo Sosa,62,CABA,77627
806,Sr(a). Agustín Morales,41,Chaco,54491
807,Angelina Santiago Rodriguez Paez,32,Santa Fe,287990
808,Valentina  Alfonsina Cardozo Ayala,47,Chaco,175846
809,Sr(a). Thiago Nicolas Ruiz,41,Salta,147447
810,Alma Valentina Escobar Gonzalez,66,Neuquén,50000
811,Benjamin Ramirez Vazquez,69,Santa Fe,208995
812,Valentina Manuel Escobar Lucero,56,CABA,79511
813,Dr(a). Thiago Lionel Figueroa,51,Entre Ríos,125368
814,Salvador Santino Ruiz,54,CABA,186649
815,Nicolas Lopez,21,Neuquén,244064
816,Dr(a). Kiara Rodriguez,52,Córdoba,169192
817,Malena Garcia Cruz,28,Tucumán,252730
818,Juan Pablo Valentino Luna,61,Santa Fe,131565
819,Victoria Luna Suarez Ledesma,63,Chaco,50000
820,Catalina Valentino Caceres Gimenez,46,Buenos Aires,212012
821,Sr(a). Alexander Fernandez,47,Córdoba,111923
822,Sr(a). Jazmín Luna,21,Neuquén,192652
823,Joaquina Ignacio Figueroa,47,Mendoza,186577
824,Tiziano Mora Caceres Ayala,70,Buenos Aires,120802
825,Lorenzo Francesco Diaz,65,Santa Fe,178533
826,Juan Cruz Thiago Benjamin Quiroga,40,CABA,188493
827,Dr(a). Sara Perez,52,Buenos Aires,227736
828,Malena Juan Manuel Acuña,48,Buenos Aires,187911
829,Valentin Camila Garcia Martinez,36,Salta,218381
830,Micaela Bautista Ramirez Vargas,59,Salta,239049
831,Dr(a). Francesco Luna,41,Salta,50000
832,Thiago Benjamin Juan Martin Godoy,42,Salta,256730
833,Juan Manuel Antonella Lopez Miranda,23,Neuquén,306460
834,Valentino Garcia,25,Córdoba,317723
835,Dr(a). Ignacio Sanchez,52,Salta,73046
836,Lisandro Federico Juarez Sosa,32,Buenos Aires,176738
837,Jazmin Rodriguez,66,Buenos Aires,288397
838,Dr(a). Geronimo Moyano,64,Neuquén,187980
839,Francisco Francisca Navarro Rojas,45,Neuquén,158052
840,Mateo Benjamin Luciano Maldonado,47,Tucumán,239752
841,Sofía Juan Pablo Ortiz,27,Mendoza,261528
842,Santiago Julieta Rojas,66,CABA,351170
843,Benjamin Rodriguez Rojas,20,Salta,59140
844,Sr(a). Julieta Farias,74,Buenos Aires,75936
845,Tomas Benjamin Geronimo Suarez,33,Santa Fe,297949
846,Morena Rios Rodriguez,46,Chaco,244071
847,Sr(a). Martina Torres,61,Buenos Aires,200796
848,Felipe Lorenzo Perez,46,Santa Fe,224052
849,Delfina Rivero,52,Santa Fe,203813
850,Lucía Elena Acosta,26,Neuquén,61655
851,Felipe Farias,36,Santa Fe,252112
852,Sr(a). Ciro Mansilla,38,Chaco,81190
853,Juan Martina Herrera,56,Tucumán,213442
854,Dr(a). Jeronimo Alvarez,60,Neuquén,362990
855,Dr(a). Thiago Benjamin Aguero,32,Salta,191147
856,Lucía  Ana Paula Duarte,55,Córdoba,226957
857,Malena Santino Benjamin Perez Ledesma,58,Salta,176719
858,Emma Malena Pereyra,40,Salta,191477
859,Guadalupe Olivia Castro,68,Neuquén,165252
860,Tomàs Nuñez Garcia,27,Mendoza,275394
861,Joaquín Ian Ezequiel Benitez Suarez,42,Córdoba,202514
862,Juan Pablo Dylan Ojeda Vargas,72,Santa Fe,109416
863,Lucas Ezequiel Ana Paula Sanchez,37,Córdoba,260948
864,Dr(a). Santino Torres,53,Salta,50000
865,Agostina Francesca Perez Gomez,44,Neuquén,122071
866,Juan Francisco Tomàs Benitez Rodriguez,34,Santa Fe,185138
867,Delfina Benicio Martin Ortiz,39,CABA,336904
868,Francesca Franco Sanchez,23,Neuquén,127211
869,Mateo Valentin Campos Leiva,64,Santa Fe,273803
870,Charo Acuña,56,Chaco,224770
871,Dante Silva Fernandez,20,CABA,251328
872,Zoe Valentina Olivia Caceres,64,Neuquén,325393
873,Emma Bautista Gonzalez,31,Entre Ríos,244543
874,Dr(a). Valentina Cabrera,37,Buenos Aires,368590
875,Isabella Alvaro Gomez Ayala,31,Santa Fe,238837
876,Victoria Martinez Moreno,66,Entre Ríos,190567
877,Carmela Tiziano Valentin Leiva,33,Chaco,176968
878,Emanuel Valentino Dominguez Correa,33,Neuquén,122952
879,Mia Sara Barrios Gonzalez,38,Mendoza,127688
880,Valentino Gomez Paz,40,Mendoza,267342
881,Dr(a). Ciro Ramirez,34,Tucumán,106481
882,Sr(a). Felipe Pereyra,24,Entre Ríos,192453
883,Manuel Martinez,66,Tucumán,266108
884,Dr(a). Lucia Campos,44,Buenos Aires,160527
885,Clara Lucas Juarez Alvarez,54,Santa Fe,199205
886,Nicolas Lopez Alvarez,53,Chaco,185554
887,Luciano Benjamin Gael Rojas Miranda,55,Salta,185188
888,Sr(a). Ciro Silva,32,Salta,250755
889,Vicente Ortiz,54,Santa Fe,83351
890,Zoe Jazmin Valentino Mendez Acosta,61,Tucumán,200512
891,Santino Agustin Figueroa Perez,34,Entre Ríos,312091
892,Lucía  Leiva,49,Entre Ríos,176058
893,Catalina Mateo Ezequiel Ledesma Diaz,28,Tucumán,262038
894,Maximo Victoria Maldonado,49,Córdoba,311623
895,Ian Flores,74,Neuquén,400494
896,Dr(a). Ciro Bustos,51,Buenos Aires,187795
897,Sr(a). Clara Franco,71,CABA,311857
898,Amparo Antonella Gutierrez Cabrera,66,Buenos Aires,159878
899,Mateo Vicente Rojas,44,Córdoba,231882
900,Sr(a). Mora Gimenez,63,Córdoba,151494
901,Sofia Belen Tiziano Valentin Quiroga,18,Santa Fe,122725
902,Olivia Figueroa,57,Chaco,197215
903,Lucas Benjamin Luna Pereyra,48,Entre Ríos,298132
904,Dr(a). Juan Bautista Ramirez,44,Buenos Aires,209732
905,Delfina Thiago Agustin Garcia Luna,19,Neuquén,182773
906,Sebastian Acosta,36,Buenos Aires,102405
907,Julian Constantino Rodriguez Lopez,50,Salta,260648
908,Sr(a). Alfonsina Cruz,24,CABA,50000
909,Martina Thiago Garcia Martinez,51,Córdoba,206310
910,Emma Bautista Mendoza Cardozo,34,Tucumán,311076
911,Sr(a). Benjamin Lopez,35,Salta,377990
912,Sr(a). Valentina  Gutierrez,47,Chaco,296428
913,Thiago Nahuel Santiago Lopez,33,Santa Fe,153633
914,Sr(a). Luciana Gonzalez,23,Buenos Aires,342780
915,Ana Paula Fernandez,23,Salta,126347
916,Nicolas Thiago Nahuel Fernandez Aguirre,21,Buenos Aires,269808
917,Salvador Rojas,62,Córdoba,334171
918,Guadalupe Nuñez Fernandez,59,Tucumán,276738
919,Delfina Gonzalez,54,CABA,341632
920,Octavio Mia Jazmin Ledesma,32,Santa Fe,89841
921,Lucía Gomez Lopez,75,Chaco,175588
922,Bastian Felipe Vargas Arias,22,Mendoza,203788
923,Dylan Benjamin Thiago Ezequiel Garcia Lopez,75,Neuquén,180932
924,Emma Martinez,72,Tucumán,191960
925,Santiago Fernandez Sanchez,19,Santa Fe,85847
926,Antonio Ian Benjamin Ledesma,63,Salta,130504
927,Thiago Benjamin Avila,22,Mendoza,231019
928,Mateo Valentin Bautista Gonzalez Dominguez,71,Salta,250582
929,Dr(a). Benicio Lopez,61,Neuquén,134028
930,Dr(a). Lola Garcia,26,CABA,316973
931,Bautista Juan Bautista Romero,50,Tucumán,280928
932,Zoe Lopez,71,CABA,228389
933,Sr(a). Francesca Silva,39,Chaco,223723
934,Dr(a). Franco Rivero,43,Tucumán,50000
935,Luz Maria Isabella Ledesma Vera,19,Mendoza,218318
936,Geronimo Josefina Rojas Gomez,32,Tucumán,114387
937,Luca Diaz,53,Salta,90183
938,Dr(a). Bruno Sanchez,60,Salta,250127
939,Sr(a). Juan Manuel Gomez,23,Chaco,183072
940,Mia Morena Aguero,22,CABA,257752
941,Sr(a). Tiziana Diaz,35,Córdoba,97920
942,Francisca Juan Manuel Molina Garcia,27,Salta,295859
943,Thiago Leonel Luna Morales,38,Tucumán,206403
944,Jazmin Francisco Gimenez,37,Entre Ríos,205067
945,Thiago Benjamin Garcia,41,Mendoza,227379
946,Felipe Lorenzo Sosa,45,Entre Ríos,220484
947,Thiago Valentin Aguero Rodriguez,53,Neuquén,162757
948,Pedro Luciano Martinez,23,Tucumán,197083
949,Ema Lopez,53,CABA,85047
950,Mateo Valentin Blanco,73,Salta,119829
951,Pedro Ponce Guzman,18,Mendoza,80854
952,Sr(a). Clara Ramos,64,Neuquén,271671
953,Lorenzo Santiago Ramirez,75,Santa Fe,156130
954,Pilar Franco Flores Escobar,42,Córdoba,178692
955,Agustina Maria Emilia Coronel Acosta,26,Mendoza,170551
956,Morena Jazmin Tobias Aguirre Herrera,22,Córdoba,288489
957,Sr(a). Tiziano Vera,45,Mendoza,119023
958,Lucía Chavez,22,Tucumán,243790
959,Isabella Enzo Ramirez,34,Santa Fe,182977
960,Sofia Juan Bautista Gonzalez,57,Santa Fe,107938
961,Valentina Juan Ignacio Torres,47,CABA,206144
962,Josefina Garcia,43,Tucumán,207012
963,Bautista Jazmin Gimenez Miranda,71,Chaco,83968
964,Mateo Joaquin Nahiara Jazmin Aguero,46,Tucumán,309112
965,Mia Valentina Lautaro Benjamin Diaz Moreno,45,Chaco,246149
966,Valentina Rodriguez,62,Santa Fe,253097
967,Pedro Rojas,48,Tucumán,235409
968,Simon Escobar Herrera,38,Mendoza,272438
969,Sofía Mateo Vazquez,65,Entre Ríos,336774
970,Benicio Roldan,38,Salta,171911
971,Dante Medina Gonzalez,35,Salta,77292
972,Federico Ruiz,30,Chaco,339158
973,Lucas Gonzalez,52,Córdoba,157935
974,Sr(a). Francisco Navarro,64,Entre Ríos,108053
975,Dr(a). Faustino Martinez,63,Santa Fe,138510
976,Zoe Jazmin Antonia Farias,62,CABA,225039
977,Ignacio Rodriguez,70,Salta,179622
978,Rafael Mendoza Rios,37,Santa Fe,161231
979,Catalina Sara Vargas Rios,34,Córdoba,169416
980,Ana Paula Lopez,22,Entre Ríos,62215
981,Valentino Gonzalez,56,Entre Ríos,114002
982,Mateo Joaquin Catalina Vera,73,Salta,151131
983,Dr(a). Tiziano Herrera,52,Buenos Aires,219112
984,Luz Milagros Juana Velazquez,75,Neuquén,126940
985,Juan Cruz Paez,56,CABA,246717
986,Alma Martina Sanchez Romero,60,Tucumán,238337
987,Juan Martin Castro,28,Chaco,420564
988,Sr(a). Luciana Moyano,61,Salta,263024
989,Angelina Lautaro Mansilla,66,Tucumán,282923
990,Bautista Ema Martin Soto,18,CABA,181856
991,Lucas Benjamin Facundo Castillo,34,Santa Fe,103456
992,Joaquin Nicolas Gonzalez,55,Chaco,193514
993,Agustin Mia Nuñez Torres,32,Entre Ríos,137263
994,Felipe Herrera Acuña,61,Chaco,263435
995,Sr(a). Lourdes Dominguez,62,Neuquén,362863
996,Federico Catalina Ortiz Fernandez,48,CABA,426382
997,Valentino Arias Moyano,36,Salta,229760
998,Lola Lucía Gonzalez Rivero,71,Córdoba,183772
999,Sr(a). Valentina Acosta,40,Mendoza,122658
1000,Lola Juana Lopez,51,Entre Ríos,316833
